retention_code,vitamin_b12,folate,vitamin_b6,niacin,riboflavin,thiamin,vitamin_c,carotene,vitamin_a_re,vitamin_a_iu,copper,zinc,sodium,potassium,phosphorus,magnesium,iron,calcium,retention_name,hebrew_name
1,100,100,100,55,80,75,100,100,75,65,100,100,100,100,100,100,100,100,"cheese,baked","גבינה, אפויה"
3,100,100,100,55,80,75,100,100,75,65,100,100,100,100,100,100,100,100,"cheese,broiled","גבינה, צלויה בגריל עליון"
5,100,100,100,55,80,75,100,100,75,65,100,100,100,100,100,100,100,100,"cheese,cooked w/liquid","גבינה, מבושלת עם נוזלים"
7,100,100,100,95,95,95,100,100,95,95,100,100,100,100,100,100,100,100,"cheese,reheated","גבינה, מחוממת שנית"
101,100,100,100,80,75,95,90,95,80,80,100,100,100,100,100,100,100,100,"eggs,baked","ביצים, אפויות"
103,100,100,100,85,75,95,95,95,85,80,100,100,100,100,100,100,100,100,"eggs,fried,scrambled","ביצים, מטוגנות או מקושקשות"
105,100,100,100,85,75,95,95,95,85,80,100,100,100,100,100,100,100,100,"eggs,hard cooked","ביצים, קשות, מבושלות"
107,100,100,100,80,75,85,85,85,80,80,100,100,100,100,100,100,100,100,"eggs,poached","ביצים, שלוקות"
109,100,100,100,95,95,95,100,100,95,95,100,100,100,100,100,100,100,100,"eggs,reheated","ביצים ,מחוממות שנית"
151,85,85,85,100,60,95,90,95,80,80,90,100,100,90,100,100,100,95,"fruits,fresh(not citrus),baked","פירות, טריים (לא הדר), אפויים"
152,85,85,85,100,60,95,90,95,80,80,90,100,100,90,100,100,100,95,"fruits,fresh(not citrus),broiled","פירות, טריים (לא הדר), צלויים בגריל עליון"
153,75,75,75,100,50,90,90,90,80,70,90,100,100,90,100,100,100,95,"fruits,fresh(not citrus),sauteed","פירות, טריים (לא הדר), בטיגון קל"
154,75,75,75,100,50,90,90,90,80,50,90,100,100,90,100,100,100,95,"fruits,canned","פירות, משומרים"
155,75,75,75,100,50,90,90,90,80,70,90,100,100,90,100,100,100,95,"fruits,fresh(not citrus),stewed","פירות, טריים (לא הדר), מבושלים"
156,95,95,95,100,95,100,100,100,95,70,90,100,100,90,100,100,100,95,"fruits,frozen","פירות, קפואים"
157,95,95,95,100,95,100,100,100,95,95,100,100,100,100,100,100,100,100,"fruits,fresh(not citrus),reheated","פירות, טריים (לא הדר), מחוממים שנית"
158,50,50,50,100,50,90,90,90,70,20,100,100,100,100,100,100,100,100,"fruits,dried","פירות,  מיובשים"
251,85,85,85,100,60,95,90,95,80,80,90,100,100,90,100,100,100,95,"fruits(dried),baked","פירות(מיובשים), אפוים"
253,75,75,75,100,50,90,90,90,80,70,90,100,100,90,100,100,100,95,"fruits(dried),sauteed","פירות(מיובשים), בטיגון קל"
255,75,75,75,100,50,90,90,90,80,70,90,100,100,90,100,100,100,95,"fruits(dried),stewed","פירות(מיובשים) ,מבושלים"
257,95,95,95,100,95,100,100,100,95,95,100,100,100,100,100,100,100,100,"fruits(dried),reheated","פירות(מיובשים), מחוממים שנית"
270,95,95,95,100,70,95,95,95,95,95,100,100,100,100,100,100,100,100,"fruits,citrus,ckd","פירות, הדר, מבושלים"
301,90,90,90,100,70,90,90,90,80,80,100,100,100,100,100,100,100,100,"flour/meal,baked","קמח/פולנטה, אפוי"
302,90,90,90,100,70,90,90,90,80,80,100,100,100,100,100,100,100,100,"flour/meal,boiled,steamed","קמח/פולנטה, מורתח, מאודה"
304,100,100,100,100,90,100,100,100,95,95,100,100,100,100,100,100,100,100,"flour/meal,reheated","קמח/פולנטה, מחומם שנית"
305,85,85,85,100,65,90,90,90,75,80,100,100,100,100,100,100,100,100,"flour/meal,sauteed","קמח/פולנטה, בטיגון קל"
306,95,95,95,100,85,100,100,100,80,85,100,100,100,100,100,100,100,100,"flour/meal,toasted","קמח/פולנטה, קלוי"
351,100,100,100,100,100,100,95,95,90,90,100,100,100,100,100,100,100,100,"oatmeal,inst,cooked","שיבולת שועל, מוכן לאכילה, מבושל"
352,90,90,90,100,70,90,90,90,80,80,95,100,100,95,95,100,95,100,"oatmeal,reg/quick,cooked","שיבולת שועל, מבושל"
357,100,100,100,100,100,100,95,95,90,90,100,100,100,100,100,100,100,100,"cereal,inst,cooked","דייסת בוקר, אנסטנט, מבושלת"
358,90,90,90,100,70,90,90,90,80,80,95,100,100,95,95,100,95,100,"cereal,reg/quick,cooked","דייסת בוקר, מבושלת"
380,95,95,95,100,70,90,90,90,80,80,100,100,100,100,100,100,100,100,"pasta,baked","פסטה, אפויה"
381,95,95,95,100,70,80,65,75,65,70,90,100,50,30,85,85,75,95,"pasta,boiled,drained","פסטה, מורתחת, מסוננת"
382,90,90,90,100,50,75,60,75,55,60,90,100,50,30,85,85,75,95,"pasta,boiled,drained,baked","פסטה, מורתחת, מסוננת, אפויה"
384,95,95,95,100,70,90,90,90,80,80,100,100,100,100,100,100,100,100,"pasta,boiled,not drained","פסטה, מורתחת, לא מסוננת"
385,100,100,100,100,95,100,100,100,95,95,100,100,100,100,100,100,100,100,"pasta,reheated","פסטה, מחוממת שנית"
431,95,95,95,100,60,90,95,90,75,75,90,95,95,85,90,95,90,95,"rice,white/brown,cooked,drained","אורז לבן/חום, מבושל מסונן"
432,95,95,95,100,70,95,100,90,80,80,95,100,100,95,95,100,95,100,"rice,white/brown,cooked,water used","אורז לבן/חום, מבושל שימוש במי בישול"
433,90,90,90,100,60,90,100,85,75,70,95,100,100,95,95,100,95,100,"rice,white/brown,sauteed+simmered",אורז לבן/חום בטיגון קל+בישול ברתיחה עדינה
434,100,100,100,100,95,100,100,100,95,95,100,100,100,100,100,100,100,100,"rice,white/brown,reheated",אורז לבן/חום מחומם שנית
501,85,85,85,100,60,70,70,75,65,65,70,85,90,75,90,80,85,85,"legumes,ckd 15/20min,boiled,drained","קטניות מבושלות 15/20 דקות, מורתחות+מסוננות"
502,90,90,90,100,65,75,75,80,70,70,75,90,95,80,95,85,90,90,"legumes,ckd 15/20min,bld,water used","קטניות מבושלות 15/20 דקות, מורתחות, שימוש במי בישול"
503,80,80,80,100,55,65,65,70,60,60,70,85,90,75,90,80,85,85,"legumes,ckd 15/20min,bld,draind,bkd","קטניות מבושלות 15/20 דקות, מורתחות, מסוננות ואפויות"
504,85,85,85,100,60,70,70,75,65,65,95,90,95,80,95,85,90,90,"legumes,ckd 15/20min,boiled+baked","קטניות מבושלות 15/20 דקות, מורתחות+אפויות"
505,80,80,80,100,55,65,65,70,60,60,70,85,90,75,90,80,85,85,"legumes,ckd 15/20min,bld,drnd,fried","קטניות מבושלות 15/20 דקות, מורתכות, מסוננות ומטוגנות"
506,85,85,85,100,60,70,70,75,65,65,75,90,95,80,95,85,90,90,"legumes,ckd 15/20min,boiled+fried","קטניות מבושלות 15/20 דקות, מורתחות+מטוגנות"
521,85,85,85,100,45,65,65,70,60,65,65,85,90,70,85,75,80,85,"legumes,ckd 45/75min,boiled,drnd","קטניות מבושלות 45/75 דקות, מורתחות+מסוננות"
522,90,90,90,100,50,70,70,75,65,70,70,90,95,75,90,80,85,90,"legumes,ckd 45/75min,bld,water used","קטניות מבושלות 45/75 דקות, מורתחות שימוש במי בישול"
523,80,80,80,100,40,60,60,65,55,60,65,85,90,70,85,75,80,85,"legumes,ckd 45/75min,bld,drnd,bkd","קטניות מבושלות 45/75 דקות, מורתחות, מסוננות ואפויות"
524,85,85,85,100,45,65,65,70,60,65,70,90,95,75,90,80,85,90,"legumes,ckd 45/75min,boiled+baked","קטניות מבושלות 45/75 דקות, מורתחות+אפויות"
525,80,80,80,100,40,60,60,65,55,60,65,85,90,70,85,75,80,85,"legumes,ckd 45/75min,bld,drnd,fried","קטניות מבושלות 45/75 דקות, מורתחות, מסוננות ומטוגנות"
526,85,85,85,100,45,65,65,70,60,65,70,90,95,75,90,80,85,90,"legumes,ckd 45/75min,boiled+fried","קטניות מבושלות 45/75 דקות, מורתחות+מטוגנות"
541,85,85,85,100,30,50,55,75,40,65,55,85,90,65,80,70,75,85,"legumes,ckd 2/2.5hrs,boiled,drained","קטניות מבושלות 2/2.5 שעות, מורתחות+מסוננות"
542,90,90,90,100,35,55,60,80,45,70,60,90,95,70,85,75,80,90,"legumes,ckd 2/2.5hrs,bld,water used","קטניות מבושלות 2/2.5 שעות, מורתחות שימוש במי בישול"
543,80,80,80,100,25,45,50,70,35,60,55,85,90,65,80,70,75,85,"legumes,ckd 2/2.5hrs,bld,drnd,bkd","קטניות מבושלות 2/2.5 שעות, מורתחות, מסוננות ואפויות"
544,85,85,85,100,30,50,55,75,40,65,60,90,95,70,85,75,80,90,"legumes,ckd 2/2.5hrs,boiled+baked","קטניות מבושלות 2/2.5 שעות, מורתחות+אפויות"
545,80,80,80,100,25,45,50,70,35,60,55,85,90,65,80,70,75,85,"legumes,ckd 2/2.5hrs,bld,drnd,fried","קטניות מבושלות 2/2.5 שעות, מורתחות, מסוננות ומטוגנות"
546,85,85,85,100,30,50,55,75,40,65,60,90,95,70,85,75,80,90,"legumes,ckd 2/2.5hrs,boiled+fried","קטניות מבושלות 2/2.5 שעות, מורתחות+מטוגנות"
550,100,100,100,100,95,95,95,95,95,95,100,100,100,100,100,100,100,100,"legumes,reheated",קטניות מחוממות שנית
601,75,75,75,70,95,50,75,95,55,80,100,100,85,80,85,85,100,90,"beef,roasted","בקר, צלוי"
602,75,75,75,80,85,60,80,90,70,80,100,100,85,85,90,85,95,100,"beef,broiled cut","בקר, נתח צלוי בגריל עליון"
603,75,75,75,80,85,60,90,95,80,80,100,100,85,85,90,85,95,100,"beef,broiled ground","בקר, טחון, צלוי בגריל עליון"
604,75,75,75,80,85,60,80,90,70,80,100,100,85,85,90,85,95,100,"beef,fried,w/o coating","בקר,מטוגן, עם ציפוי/ בלילה"
605,75,75,75,80,85,60,80,90,70,80,100,100,85,85,90,85,95,100,"beef,fried","בקר, מטוגן"
651,75,75,75,60,65,35,55,85,45,80,95,100,55,55,65,65,100,80,"beef,roast,braised,wo/drippings","בקר,צלי, מבושל בלי מיצי בישול"
652,80,80,80,75,70,50,90,100,60,85,100,100,100,100,100,100,100,100,"beef,roast,braised,w/drippings","בקר,צלי, מבושל עם מיצי בישול"
653,75,75,75,60,65,35,55,85,45,80,95,100,55,55,65,65,100,80,"beef,roast,simmered,wo/drippings","בקר, צלי, מבושל ברתיחה עדינה בלי מיצי בישול"
654,80,80,80,75,70,50,90,100,60,85,100,100,100,100,100,100,100,100,"beef,roast,simmered,w/drip","בקר, צלי, מבושל ברתיחה עדינה עם מיצי בישול"
701,75,75,75,60,65,35,55,85,45,80,95,100,55,55,65,65,100,80,"beef,slices,brwn,simmer,wo/dripping","בקר, פרוסות כהות, מבושלות בלי מיצי בישול"
702,80,80,80,75,70,50,90,100,60,85,100,100,100,100,100,100,100,100,"beef,slices,brwn,simmer,w/drippings","בקר, פרוסות כהות, מבושלות עם מיצי בישול"
703,75,75,75,60,65,35,55,85,45,80,95,100,55,55,65,65,100,80,"beef,slices,simmered,wo/drippings","בקר, פרוסות, מבושלות עם מיצי בישול"
704,80,80,80,75,70,50,90,100,60,85,100,100,100,100,100,100,100,100,"beef,slices,simmered,w/drippings","בקר, פרוסות, מבושלות עם מיצי בישול"
749,75,75,75,60,65,35,55,85,45,80,95,100,55,55,65,65,100,80,"beef,ground,baked,wo/drippings","בקר, מטוגן, בלי מיצי בישול"
750,80,80,80,75,70,50,90,100,60,85,100,100,100,100,100,100,100,100,"beef,ground,baked,w/drippings","בקר, טחון, מטוגן, עם מיצי בישול"
751,75,75,75,60,65,35,55,85,45,80,95,100,55,55,65,65,100,80,"beef,ground,brwn,simmer,wo/dripping","בקר, כהה, מבושל, בלי מיצי בישול"
752,80,80,80,75,70,50,90,100,60,85,100,100,100,100,100,100,100,100,"beef,ground,brwn,simmer,w/drippings","בקר, כהה, מבושל, עם מיצי בישול"
753,75,75,75,60,65,35,55,85,45,80,95,100,55,55,65,65,100,80,"beef,ground,simmered,wo/drippings","בקר, מבושל, בלי מיצי בישול"
754,80,80,80,75,70,50,90,100,60,85,100,100,100,100,100,100,100,100,"beef,ground,simmered,w/drippings","בקר, מבושל, עם מיצי בישול"
770,100,100,100,95,95,95,100,100,95,95,100,100,100,100,100,100,100,100,"beef,reheated","בקר, מחומם שנית"
801,75,75,75,65,60,80,80,90,70,80,95,100,80,80,80,75,90,95,"chicken,broiled","עוף, צלוי בגריל עליון"
803,75,75,75,65,60,80,80,90,70,80,95,100,80,80,80,75,90,95,"chicken,fried,wo/coating","עוף, מטוגן, בלי צפוי/בבלילה"
804,75,75,75,65,60,80,80,90,70,80,95,100,80,80,80,75,90,95,"chicken,fried,w/coating","עוף, מטוגן, עם צפוי/בבלילה"
805,75,75,75,65,60,80,80,90,70,80,95,100,80,80,80,75,90,95,"chicken,roasted","עוף, קלוי"
851,75,75,75,50,60,50,60,95,55,80,90,100,70,60,70,65,90,80,"chicken,brown,simmer,wo/drippings","עוף, בשר כהה, מחומם, בלי מיצי בישול"
852,80,80,80,65,70,65,95,100,75,85,100,100,100,100,100,100,100,100,"chicken,brown,simmer,w/drippings","עוף, בשר כהה, מחומם, עם מיצי בישול"
855,75,75,75,50,60,50,60,95,55,80,90,100,70,60,70,65,90,80,"chicken,simmered,wo/drippings","עוף, מבושל, ללא מיצי בישול"
856,80,80,80,65,70,65,95,100,75,85,100,100,100,100,100,100,100,100,"chicken,simmered,w/drippings","עוף, מבושל, מיצי בישול"
864,100,100,100,95,95,95,100,100,95,95,100,100,100,100,100,100,100,100,"chicken,reheated","עוף, מחומם"
1001,75,75,75,80,70,65,80,90,60,80,90,100,85,85,85,85,95,100,"lamb, broiled","כבש, צלוי בגריל עליון"
1003,75,75,75,75,70,75,85,80,70,80,75,100,80,85,85,80,95,90,"lamb,ground,broiled","כבש, טחון, צלוי בגריל עליון"
1004,75,75,75,75,85,75,80,90,60,80,80,100,75,75,85,80,100,100,"lamb, roasted","כבש, צלוי"
1051,75,75,75,60,55,45,60,60,30,80,70,95,65,55,65,65,95,100,"lamb,brown,simmer,wo/drippings","כבש, צלוי בגריל עליון, מבושל ברתיחה עדינה, ללא מיצי בישול"
1052,80,80,80,75,65,70,95,85,45,85,100,100,100,100,100,100,100,100,"lamb,brown,simmer,w/drippings","כבש, צלוי בגריל עליון, מבושל ברתיחה עדינה, עם מיצי בישול"
1055,75,75,75,60,55,55,60,60,30,80,70,95,65,55,65,65,95,100,"lamb,simmered,wo/drippings","כבש, מבושל ברתיחה עדינה ללא מיצי בישול"
1056,80,80,80,75,65,70,95,85,45,85,100,100,100,100,100,100,100,100,"lamb,simmered,w/drippings","כבש, מבושל ברתיחה עדינה עם מיצי בישול"
1074,100,100,100,95,95,95,100,100,95,95,100,100,100,100,100,100,100,100,"lamb,reheated","כבש, טחון, צלוי"
1151,75,75,75,80,85,60,80,90,70,80,100,100,85,85,90,85,95,100,"liver,fried","כבד, מטוגן"
1152,75,75,75,60,65,45,45,55,65,75,75,90,45,45,70,60,60,95,"liver,simmered,wo/drippings","כבד, מבושל, בלי מיצי בישול"
1153,80,80,80,75,70,55,90,100,80,80,100,100,100,100,100,100,100,100,"liver,simmered,w/drippings","כבד, מבושל, עם מיצי בישול"
1154,100,100,100,95,95,95,100,100,95,95,100,100,100,100,100,100,100,100,"liver,reheated","כבד, צלוי"
1181,75,75,75,80,85,60,80,90,70,80,100,100,85,85,90,85,95,100,organ meats(notliver) fried,"איברים פנימיים (לא כבד), מטוגנים"
1182,75,75,75,60,65,45,45,55,65,75,75,90,45,45,70,60,60,95,"organ meats(notliver)simmrd,wo/drip","איברים פנימיים (לא כבד), מבושלים, ללא מיצי בישול"
1183,80,80,80,75,70,55,90,100,80,80,100,100,100,100,100,100,100,100,"organ meats(notliver)simmrd,w/drip","איברים פנימיים (לא כבד), מבושלים, עם מיצי בישול"
1184,100,100,100,95,95,95,100,100,95,95,100,100,100,100,100,100,100,100,organ meats(notliver) reheated,"איברים פנימיים (לא כבד), מחוממים שנית"
1251,75,75,75,90,85,65,80,100,70,80,95,100,90,85,90,95,80,75,"pork,fresh,broiled","חזיר, טרי, צלוי בגריל עליון"
1252,75,75,75,90,85,65,80,100,70,80,95,100,90,85,90,95,80,75,"pork,fresh,fried,wo/coating","חזיר, טרי, מטוגן בלי ציפוי/בלילה"
1253,75,75,75,90,85,65,80,100,70,80,95,100,90,85,90,95,80,75,"pork,fresh,fried,w/coating","חזיר, טרי, מטוגן עם ציפוי/בלילה"
1254,75,75,75,80,95,85,85,95,60,80,100,100,80,80,85,75,100,95,"pork,fresh,roasted","חזיר, טרי, צלוי"
1301,75,75,75,60,65,50,80,75,40,75,100,100,70,75,65,65,100,80,"pork,fresh,roast,simmered wo/drip","חזיר, טרי, צלוי, מבושל בלי מיצי בישול"
1302,80,80,80,75,70,65,95,90,55,80,100,100,100,100,100,100,100,100,"pork,fresh,roast,simmered w/drippng","חזיר, טרי, צלוי, מבושל עם מיצי בישול"
1351,75,75,75,60,65,50,80,75,40,75,100,100,70,75,65,65,100,80,"pork,frsh,chops,brwn,simmrd,wo/drip","חזיר, טרי, צלעות, כהה, מבושלות בלי מיצי בישול"
1352,80,80,80,75,70,65,95,90,55,80,100,100,100,100,100,100,100,100,"pork,frsh,chops,brwn,simmrd,w/drip","חזיר, טרי, צלעות, כהה, מבושלות עם מיצי בישול"
1353,75,75,75,60,65,50,80,75,40,75,100,100,70,75,65,65,100,80,"pork,frsh,chops,simmered,wo/drippng","חזיר, טרי, צלעות, מבושלות בלי מיצי בישול"
1354,80,80,80,75,70,65,95,90,55,80,100,100,100,100,100,100,100,100,"pork,frsh,chops,simmered,w/drippngs","חזיר, טרי, צלעות, מבושלות עם מיצי בישול"
1401,75,75,75,60,65,50,80,75,40,75,100,100,70,75,65,65,100,80,"pork,frsh,ground,brwn,simmr,wo/drip","חזיר, טרי, טחון,כהה, מבושלות עם מיצי בישול"
1402,80,80,80,75,70,65,95,90,55,80,100,100,100,100,100,100,100,100,"pork,frsh,ground,brwn,simmrd,w/drip","חזיר, טרי, טחון, כהה,מבושלות בלי מיצי בישול"
1405,75,75,75,60,65,50,80,75,40,75,100,100,70,75,65,65,100,80,"pork,frsh,ground,simmered,wo/drip","חזיר, טרי, טחון, מבושלות בלי מיצי בישול"
1406,80,80,80,75,70,65,95,90,55,80,100,100,100,100,100,100,100,100,"pork,frsh,ground,simmered,w/drippng","חזיר, טרי, טחון, מבושלות עם מיצי בישול"
1407,100,100,100,95,95,95,100,100,95,95,100,100,100,100,100,100,100,100,"pork,fresh,reheated","חזיר, טרי, מחומם שנית"
1451,75,75,75,90,85,65,80,100,70,80,95,100,90,85,90,95,80,75,"pork,cured,broiled","חזיר, מעושן/כבוש, צלוי בגריל עליון"
1456,65,65,65,90,80,80,90,95,45,80,95,100,90,85,90,95,80,75,"bacon,broiled/fried","קטלי חזיר, צלויים בגריל עליון/מטוגנים"
1459,75,75,75,80,95,85,85,95,60,80,100,100,80,80,85,75,100,95,"pork,cured,roasted","חזיר, מעושן/כבוש, צלוי"
1521,75,75,75,60,65,50,80,75,40,75,100,100,70,75,65,65,100,80,"ham/picnic,cured,simmered,wo/drip","חזיר, ירך, משומר, מבושל, בלי מיצי בישול"
1522,80,80,80,75,70,65,95,90,55,80,100,100,100,100,100,100,100,100,"ham/picnic,cured,simmered,w/drip","חזיר, ירך, משומר, מבושל, עם מיצי בישול"
1551,75,75,75,60,65,50,80,75,40,75,100,100,70,75,65,65,100,80,"pork,cured,slice,brwn,simmr,wo/drip","חזיר, מעושן/כבוש,פרוס, כהה, מבושל עם מיצי בישול"
1552,80,80,80,75,70,65,95,90,55,80,100,100,100,100,100,100,100,100,"pork,cured,slice,brwn,simmrd,w/drip","חזיר, מעושן/כבוש,פרוס, כהה, מבושל בלי מיצי בישול"
1555,75,75,75,60,65,50,80,75,40,75,100,100,70,75,65,65,100,80,"pork,cured,slices,simmered,wo/drip","חזיר, מעושן/כבוש,פרוס, מבושל בלי מיצי בישול"
1556,80,80,80,75,70,65,95,90,55,80,100,100,100,100,100,100,100,100,"pork,cured,slices,simmered,w/drip","חזיר, מעושן/כבוש,פרוס, מבושל עם מיצי בישול"
1602,75,75,75,60,65,50,80,75,40,75,100,100,70,75,65,65,100,80,"pork,cured,ground,brwn,simr,wo/drip","חזיר, מעושן/כבוש,טחון, כהה, מבושל בלי מיצי בישול"
1603,80,80,80,75,70,65,95,90,55,80,100,100,100,100,100,100,100,100,"pork,cured,ground,brwn,simr,w/drip","חזיר, מעושן/כבוש,טחון, כהה, מבושל עם מיצי בישול"
1604,75,75,75,60,65,50,80,75,40,75,100,100,70,75,65,65,100,80,"pork,cured,ground,simmered,wo/drip","חזיר, מעושן/כבוש,טחון, מבושל בלי מיצי בישול"
1605,80,80,80,75,70,65,95,90,55,80,100,100,100,100,100,100,100,100,"pork,cured,ground,simmered,w/drip","חזיר, מעושן/כבוש,טחון, מבושל עם מיצי בישול"
1606,100,100,100,95,95,95,100,100,95,95,100,100,100,100,100,100,100,100,"pork,cured,reheated","חזיר, מעושן/כבוש, מבושל בלי מיצי בישול"
1654,85,85,85,85,85,80,90,95,85,80,100,100,95,95,95,95,100,100,"sausage,rte,franks,etc,ckd,wo/drip","נקניקיות, מבושלות עם מיצי בישול"
1655,95,95,95,95,95,90,100,100,95,90,100,100,100,100,100,100,100,100,"sausage,rte,franks,etc,ckd,w/drip","נקניקיות, מבושלות בלי מיצי בישול"
1657,85,85,85,95,90,90,90,100,95,90,100,100,95,95,95,95,100,100,"sausage,rte,franks,etc,broiled","נקניקיות, צלויות בגריל עליון"
1659,85,85,85,95,90,90,90,100,95,90,100,100,95,95,95,95,100,100,"sausage,rte,franks,etc,sauteed","נקניקיות, בטיגון קל"
1705,75,75,75,70,30,60,75,75,65,50,95,75,75,85,75,75,65,85,"sausage,raw,pork,other,ckd,wo/drip","נקניק, לא מבושל, חזיר או בשר אחר, מבושל עם מיצי בישול"
1706,85,85,80,85,50,85,90,90,80,70,100,100,100,100,100,100,100,100,"sausage,raw,pork,other,ckd,w/drip","נקניק, לא מבושל, חזיר  או בשר אחר, מבושל עם מיצי בישול"
1707,75,75,75,70,30,60,75,75,65,50,95,75,75,85,75,75,65,85,"sausage,raw,pork,other,broiled","נקניק, לא מבושל, חזיר  או בשר אחר, צלוי בגריל עליון"
1709,75,75,75,70,30,60,75,75,65,50,95,75,75,85,75,75,65,85,"sausage,raw,pork,other,sauteed","נקניק, לא מבושל, חזיר או בשר אחר, בטיגון קל"
1712,100,100,100,95,95,95,100,100,95,95,100,100,100,100,100,100,100,100,"sausage,reheated","נקניק, מחומם שנית"
1805,75,75,75,65,60,70,90,85,65,80,70,100,75,75,80,80,95,130,"turkey,roasted","הודו, צלוי"
1851,75,75,75,50,60,50,60,95,55,80,95,100,70,55,70,65,95,85,"turkey,simmered,wo/drippings","הודו, מבושל, בלי מיצי בישול"
1852,80,80,80,70,70,70,95,100,75,85,100,100,100,100,100,100,100,100,"turkey,simmered,w/drippings","הודו, מבושל, עם מיצי בישול"
1860,100,100,100,95,95,95,100,100,95,95,100,100,100,100,100,100,100,100,"turkey,reheated","הודו, מחומם"
1951,75,75,75,80,75,65,80,90,65,80,95,100,85,85,85,85,90,95,"veal, broiled","עגל, צלוי בגריל עליון"
1952,75,75,75,90,85,45,85,75,65,80,95,100,60,85,85,85,90,95,"veal, fried, wo/coating","עגל, מטגן ללא ציפוי"
1953,75,75,75,80,75,65,80,90,65,80,95,100,85,85,85,85,90,95,"veal, fried, w/coating","עגל, מטוגן עם ציפוי"
1954,75,75,75,85,85,50,80,90,60,80,90,100,80,80,80,80,85,95,"veal, roasted","עגל, צלוי"
2001,75,75,75,65,75,45,65,75,45,80,75,100,60,60,65,65,95,100,"veal,roast,braised,wo/drippings","עגל, צלוי, מטוגן קלות ללא מיצי בישול"
2002,80,80,80,70,70,65,95,95,60,85,100,100,100,100,100,100,100,100,"veal,roast,braised,w/drippings","עגל, צלוי, מטוגן קלות עם מיצי בישול"
2003,75,75,75,55,60,50,65,80,45,80,90,100,65,60,65,65,95,85,"veal,roast,simmered,wo/drippings","עגל, צלוי, מבושל ברתיחה עדינה ללא מיצי בישול"
2004,80,80,80,70,70,65,95,95,60,85,100,100,100,100,100,100,100,100,"veal,roast,simmered,w/drippings","עגל, צלוי, מבושל ברתיחה עדינה עם מיצי בישול"
2051,75,75,75,55,60,50,65,80,45,80,90,100,65,60,65,65,95,85,"veal,slices,brwn,simmrd,wo/dripping","עגל, פרוס, מושחם, מבושל ברתיחה עדינה ללא מיצי בישול"
2052,80,80,80,70,70,65,95,95,60,85,100,100,100,100,100,100,100,100,"veal,slices,brwn,simmrd,w/drippings","עגל, פרוס, מושחם, מבושל ברתיחה עדינה עם מיצי בישול"
2055,75,75,75,55,60,50,65,80,45,80,90,100,65,60,65,65,95,85,"veal.slices,simmered,wo/drippings","עגל, פרוס, מבושל ברתיחה עדינה ללא מיצי בישול"
2056,80,80,80,70,70,65,95,95,60,85,100,100,100,100,100,100,100,100,"veal,slices,simmered,w/drippings","עגל, פרוס, מבושל ברתיחה עדינה עם מיצי בישול"
2064,100,100,100,95,95,95,100,100,95,95,100,100,100,100,100,100,100,100,"veal,reheated","עגל, מחומם שנית"
2151,100,100,100,80,85,90,100,100,90,85,100,100,100,100,100,100,100,100,"milk,heated approx 10min","חלב, מחומם, בערך 10 דקות"
2152,100,100,100,55,80,75,100,100,75,65,100,100,100,100,100,100,100,100,"milk,heated approx 30min","חלב, מחומם, בערך 30 דקות"
2153,100,100,100,30,70,55,100,100,60,45,100,100,100,100,100,100,100,100,"milk,heated approx 1 hour","חלב, מחומם, בערך שעה"
2154,100,100,100,95,95,95,100,100,95,95,100,100,100,100,100,100,100,100,"milk,reheated","חלב, מחומם שנית"
2201,95,95,95,100,80,95,95,95,85,80,100,100,100,100,100,100,100,100,"nuts,baked,w/drippings","אגוזים, אפויים עם מיצי בישול"
2202,95,95,95,100,80,95,95,95,85,80,100,100,100,100,100,100,100,100,"nuts,broiled",אגוזים צלויים בגריל עליון
2203,80,80,80,100,80,95,95,95,85,80,100,100,95,100,80,100,100,100,"nuts,roasted","אגוזים, צלויים"
2204,95,95,95,100,80,95,95,95,85,80,100,100,100,100,100,100,100,100,"nuts,boiled,w/drippings","אגוזים, מורתחים עם מיצי בישול"
2301,90,90,90,90,90,90,95,95,90,80,100,100,100,100,100,100,100,100,"finfish,<5%fat,baked,wo/drippings","דגים, פחות מ5% שומן, אפוים, בלי מיצי בישול"
2302,90,90,90,95,95,95,100,100,95,85,100,100,100,100,100,100,100,100,"finfish,<5%fat,baked w/drippings","דגים, פחות מ5% שומן, אפוים, עם מיצי בישול"
2305,90,90,90,90,90,90,95,95,90,80,100,100,100,100,100,100,100,100,"finfish,<5%fat,broiled,wo/drippings","דגים, פחות מ5% שומן, צלויים בגריל עליון בלי מיצי בישול"
2306,90,90,90,90,90,90,100,95,90,80,100,100,100,100,100,100,100,100,"finfish,<5%fat,broiled,w/drippings","דגים, פחות מ5% שומן, צלויים בגריל עליון עם מיצי בישול"
2309,85,85,85,90,90,90,100,95,85,80,100,100,100,100,100,100,100,100,"finfish,<5%fat,fried,wo/coating","דגים, פחות מ5% שומן, מטוגנים, בלי ציפוי/בבלילה"
2310,85,85,85,90,90,90,100,95,85,80,100,100,100,100,100,100,100,100,"finfish,<5%fat,fried,w/coating","דגים, פחות מ5% שומן, מטוגנים, עם ציפוי/בבלילה"
2401,80,80,80,85,80,80,85,90,80,75,100,100,90,85,90,90,100,100,"finfish,<5%fat,simmered,wo/dripping","דגים, פחות מ5% שומן, מבושלים, בלי מיצי בישול"
2402,90,90,90,95,90,90,95,100,90,80,80,80,80,80,80,80,80,80,"finfish,<5%fat,simmered,w/drippings","דגים, פחות מ5% שומן, מבושלים, עם מיצי בישול"
2451,85,85,85,85,90,90,100,100,95,80,100,100,100,100,100,100,100,100,"finfish,>5%fat,baked,wo/drippings","דגים,מעל 5% שומן, אפוים, בלי מיצי בישול"
2452,90,90,90,80,95,95,100,100,100,85,100,100,100,100,100,100,100,100,"finfish,>5%fat,baked,w/drippings","דגים,מעל 5% שומן, אפוים, עם מיצי בישול"
2455,85,85,85,75,90,90,100,100,95,80,100,100,100,100,100,100,100,100,"finfish,>5%fat,broiled,wo/drippng","דגים,מעל 5% שומן, צלויים בגריל עליון, בלי מיצי בישול"
2456,90,90,90,75,90,90,100,100,95,80,100,100,100,100,100,100,100,100,"finfish,>5%fat,broiled,w/drippngs","דגים,מעל 5% שומן, צלויים בגריל עליון, עם מיצי בישול"
2459,85,85,85,75,90,90,100,100,85,80,100,100,100,100,100,100,100,100,"finfish,>5%fat,fried,wo/coating","דגים,מעל 5% שומן ,מטוגנים, בלי ציפוי/בבלילה"
2460,85,85,85,75,90,90,100,100,85,80,100,100,100,100,100,100,100,100,"finfish,>5%fat,fried,w/coating","דגים,מעל 5% שומן, מטוגנים, עם ציפוי/בבלילה"
2551,85,85,85,85,80,80,85,90,80,75,100,100,90,85,90,90,100,100,"finfish,>5%fat,simmered,wo/drip","דגים,מעל 5% שומן, מבושלים, בלי מיצי בישול"
2552,95,95,95,95,90,90,95,100,90,80,100,100,100,100,100,100,100,100,"finfish,>5%fat,simmered,w/drip","דגים,מעל 5% שומן, מבושלים, עם מיצי בישול"
2554,100,100,100,100,100,100,100,100,95,95,100,100,100,100,100,100,100,100,"finfish,reheated","דגים, מחוממים שנית"
2601,90,90,90,95,95,95,100,95,90,90,100,100,100,100,100,100,100,100,"finfish(frozen),fried",דגים (קפואים) מטוגנים
2605,90,90,90,95,95,95,100,100,90,90,100,100,100,100,100,100,100,100,"finfish(frozen),heated",דגים (קפואים) מחוממים
2701,90,90,90,60,75,90,75,75,90,75,90,100,85,70,70,85,90,100,"shellfish,w/shell,boiled","פירות ים- עם שריון, מורתח"
2702,90,90,90,90,75,95,90,95,95,80,85,100,100,90,75,100,90,100,"shellfish,w/shell,steamed","פירות ים- עם שריון, מאודה"
2750,95,95,95,100,90,95,95,100,95,85,100,100,100,100,100,100,100,100,"shellfish,wo/shell,baked,w/drippngs","פירות ים- בלי שריון, אפוי עם מיצי בישול"
2753,85,85,85,95,95,95,95,80,90,95,100,100,100,100,100,100,100,100,"shellfish,wo/shell,broiled","פירות ים- בלי שריון, צלוי בגריל עליון"
2755,95,95,95,85,75,90,95,95,85,80,100,100,100,100,100,100,100,100,"shellfish,wo/shell,fried,wo/coating","פירות ים- בלי שריון, מטוגן בלי ציפוי/בבלילה"
2756,95,95,95,85,80,90,95,95,85,80,100,100,100,100,100,100,100,100,"shellfish,wo/shell,fried,w/coating","פירות ים- בלי שריון, מטוגן עם ציפוי/בבלילה"
2761,90,90,90,60,75,85,75,75,90,75,80,100,85,70,70,85,90,95,"shellfish,wo/shell,simmered,wo/drip","פירות ים- בלי שריון, מבושל, בלי מיצי בישול"
2762,90,90,90,90,75,90,95,95,95,80,95,100,100,100,90,100,100,100,"shellfish,wo/shell,simmered,w/drip","פירות ים- בלי שריון, מבושל, עם מיצי בישול"
2770,90,90,90,90,75,90,90,95,95,80,85,100,100,90,75,100,90,100,"shellfish,wo/shell,steamed","פירות ים- בלי שריון, מאודה"
2771,100,100,100,100,100,100,100,100,95,95,100,100,100,100,100,100,100,100,"shellfish,wo/shell,reheated","פירות ים- בלי שריון, מחומם שנית"
2901,90,90,90,90,90,90,95,100,90,80,100,100,100,100,100,100,100,100,"seafood,frog,turtle,bkd,wo/drip","פירות ים-צב/צפרדע, אפוי, עם מיצי בישול"
2902,90,90,90,95,95,95,100,100,95,85,100,100,100,100,100,100,100,100,"seafood,frog,turtle,ckd,w/drip","פירות ים-צב/צפרדע, מבושל, עם מיצי בישול"
2905,90,90,90,80,80,80,80,85,85,75,95,100,90,80,80,90,95,100,"seafood,frog,turtle,simm,wo/drip","פירות ים-צב/צפרדע, בבישול עיטי, עם מיצי בישול"
2906,90,90,90,95,85,90,95,100,90,80,100,100,100,100,95,100,100,100,"seafood,frog,turtle,simrd,w/drip","פירות ים-צב/צפרדע, בבישול עיטי, בלי מיצי בישול"
2907,85,85,85,75,75,75,80,80,80,70,95,100,90,80,80,90,95,100,"seafood,frog,turtle,brsd,wo/drip","פירות ים-צב/צפרדע, מבושל, בלי מיצי בישול"
2908,90,90,90,90,80,85,95,95,90,75,100,100,100,100,95,100,100,100,"seafood,frog,turtle,brais,w/drip","פירות ים-צב/צפרדע, אפוי, בלי מיצי בישול"
2909,90,90,90,90,85,90,95,100,90,80,100,100,100,100,100,100,100,100,"seafood,frog,turtle,brld,wo/drip","פירות ים-צב/צפרדע, צלוי, בלי מיצי בישול"
2910,90,90,90,95,85,90,100,100,90,80,100,100,100,100,100,100,100,100,"seafood,frog,turtle,brld,w/drip","פירות ים-צב/צפרדע, צלוי, עם מיצי בישול"
2911,85,85,85,85,85,90,100,95,85,80,100,100,100,100,100,100,100,100,"seafood,frog,turtle,fryd,wo/coat","פירות ים-צב/צפרדע, מטוגן, בלי ציפוי/בבלילה"
2912,90,90,90,90,90,90,100,95,85,80,100,100,100,100,100,100,100,100,"seafood,frog,turtle,fried,w/coat","פירות ים-צב/צפרדע, מטוגן, עם ציפוי/בבלילה"
2917,100,100,100,100,100,100,100,100,95,95,100,100,100,100,100,100,100,100,"seafood,frog,turtle,reheated","פירות ים-צב/צפרדע, מחומם שנית"
3001,95,95,95,100,75,95,95,95,90,70,100,100,100,100,100,100,100,100,"veg,greens,baked","ירקות, ירוקים אפוים"
3004,95,95,95,100,65,90,90,95,85,60,95,95,95,90,90,95,95,95,"veg,greens,boild,little water drain","ירקות, ירוקים מורתחים במעט מים, מסוננים"
3005,95,95,95,100,60,85,85,90,80,55,95,95,95,85,85,95,95,95,"veg,greens,boiled,water cover drain","ירקות, ירוקים מורתחים מכוסים מים, מסוננים"
3006,95,95,95,100,75,95,95,95,90,70,100,100,100,100,100,100,100,100,"veg,greens,boiled,water used","ירקות, ירוקים, מורתחים, שימוש במים"
3015,90,90,90,100,85,95,95,95,90,85,100,100,100,100,100,100,100,100,"veg,greens,stir fry","ירקות, ירוקים, מוקפצים"
3018,100,100,100,100,95,100,100,100,100,95,100,100,100,100,100,100,100,100,"veg,greens,reheated","ירקות, ירוקים, מחוממים שנית"
3019,95,95,95,100,55,90,90,95,90,60,100,100,100,100,100,100,100,100,"veg,greens,cooked from frozen,drain","ירקות, ירוקים, מבושלים מקפואים, מסוננים"
3301,100,100,100,100,90,95,95,95,85,80,100,100,100,100,100,100,100,100,"potatoes,baked in skin","תפו""א, אפויים בקליפה"
3302,100,100,100,100,75,95,95,95,80,80,100,100,100,100,100,100,100,100,"potatoes,baked in casserole","תפו""א, מבושלים בקדרה"
3307,100,100,100,100,90,95,95,95,80,75,95,95,95,90,95,95,95,95,"potatoes,boiled in skin","תפו""א, מורתחים בקליפה"
3308,100,100,100,100,75,95,95,95,80,75,95,95,95,90,95,95,95,95,"potatoes,boiled(pared)drain","תפו""א, מורתחים בלי קליפה, במים, מסוננים"
3309,100,100,100,100,90,95,95,95,80,80,100,100,100,100,100,100,100,100,"potatoes,boiled(pared) water used","תפו""א, מורתחים בלי קליפיה, במים"
3310,100,100,100,100,65,90,90,90,65,60,95,95,95,90,95,95,95,95,"potatoes,boiled,browned","תפו""א, מורתחים, ומושחמים"
3311,100,100,100,100,65,90,80,85,40,25,95,95,95,90,95,95,95,95,"potatoes,boiled,stored,browned","תפו""א, מורתח, מושרים, מושחמים"
3315,100,100,100,100,75,95,95,95,80,80,100,100,100,100,100,100,100,100,"potatoes,fried","תפו""א, מטוגנים"
3316,100,100,100,100,75,95,95,95,80,75,95,95,95,90,95,95,95,95,"potatoes,mashed","תפו""א, מחית"
3371,100,100,100,100,95,100,100,100,90,85,100,100,100,100,100,100,100,100,"potatoes,canned,boiled,water used","תפו""א, משומרים, מורתחים, במים"
3373,100,100,100,100,95,100,100,100,90,85,100,100,100,100,100,100,100,100,"potatoes,canned,broiled","תפו""א, משומרים, צלויים בגריל עליון"
3375,100,100,100,100,95,100,100,100,90,85,100,100,100,100,100,100,100,100,"potatoes,canned,fried","תפו""א, משומרים, מטוגנים"
3379,100,100,100,100,95,100,100,100,95,95,100,100,100,100,100,100,100,100,"potatoes,reheated","תפו""א, מחוממים שנית"
3380,100,100,100,100,60,95,95,95,75,50,100,100,100,100,100,100,100,100,"potatoes,ckd from frzn,hash brown","תפו""א, מבושלים מקפואים, מרוסקים ומטוגנים"
3381,100,100,100,100,80,95,95,95,85,80,100,100,100,100,100,100,100,100,"potatoes,ckd from frzn,french fry","תפו""א, מבושלים מקפואים, מטוגנים"
3382,100,100,100,100,80,95,95,95,80,80,100,100,100,100,100,100,100,100,"potatoes,ckd from frzn,baked stuffd","תפו""א, מבושלים מקפואים, צלוים וממולאים"
3451,95,95,95,100,80,95,95,95,90,75,100,100,100,100,100,100,100,100,"veg,roots,etc,baked","ירקות שורש וכו', אפויים"
3454,90,90,90,100,70,95,95,95,85,70,95,95,95,90,90,95,95,95,"veg,roots,etc,bld,draind,little wtr","ירקות שורש וכו', מורתחים במעט מים, מסוננים"
3455,90,90,90,100,65,90,90,90,80,65,95,95,95,90,90,95,95,95,"veg,roots,etc,bld,draind,wtr cover","ירקות שורש וכו', מורתחים, מכוסים מים, מסוננים"
3456,90,90,90,100,80,95,95,95,90,75,100,100,100,100,100,100,100,100,"veg,roots,etc,boiled,water used","ירקות שורש וכו',  מורתחים, שימוש במים"
3460,85,85,85,100,70,95,95,95,85,75,100,100,100,100,100,100,100,100,"veg,roots,etc,sauteed","ירקות שורש וכו', בטיגון קל"
3464,90,90,90,100,80,95,95,95,90,75,100,100,100,100,100,100,100,100,"veg,roots,etc,steamed","ירקות שורש וכו', מאודים"
3465,90,90,90,100,80,95,95,95,90,80,100,100,100,100,100,100,100,100,"veg,roots,etc,stir fry","ירקות שורש וכו', מוקפצים"
3468,100,100,100,100,95,100,100,100,95,95,100,100,100,100,100,100,100,100,"veg,roots,etc,reheated","ירקות שורש וכו', מחוממים שנית"
3469,90,90,90,100,70,95,95,95,90,70,95,95,95,90,90,95,95,95,"veg,roots,etc,ckd from frzn,drained","ירקות שורש וכו', מבושלים מקפואים, מסוננים"
3701,90,90,90,100,90,95,95,95,85,80,100,100,100,100,100,100,100,100,"sweetpotaotes,baked in skin","בטאטה, אפויה בקליפה"
3702,90,90,90,100,75,95,95,95,80,80,100,100,100,100,100,100,100,100,"sweetpotatoes, baked in casserole","בטאטה, אפויה בקדרה"
3707,85,85,85,100,90,95,95,95,80,75,95,95,95,90,95,95,95,95,"sweetpotatoes,boiled in skin","בטאטה, מורתחת בקליפה"
3708,85,85,85,100,75,95,95,95,80,75,95,95,95,90,95,95,95,95,"sweetpotatoes,boiled (pared)drained","בטאטה, מורתחת במים, מסוננת"
3709,95,95,95,100,90,95,95,95,85,80,100,100,100,100,100,100,100,100,"sweetpotatoes,bld(pared)water used","בטאטה, מורתחת, במים"
3710,80,80,80,100,75,95,95,95,80,80,100,100,100,100,100,100,100,100,"sweetpotatoes,fried","בטאטה, מטוגנת"
3711,100,100,100,100,95,100,100,100,95,95,100,100,100,100,100,100,100,100,"sweetpotatoes,reheated","בטאטה, מחוממת שנית"
3712,90,90,90,100,80,95,95,95,80,80,100,100,100,100,100,100,100,100,"sweetpotatoes,ckd from frn,baked","בטאטה,מבושלת מקפואה, אפויה"
3713,85,85,85,100,80,95,95,95,80,75,95,95,95,95,95,95,95,95,"sweetpotatoes,ckd from frzn,boiled","בטאטה, מורתחת מקפואה"
3751,95,95,95,100,70,95,95,95,95,95,100,100,100,100,100,100,100,100,"tomatoes,boiled/baked","עגבניות, מורתחות/אפויות"
3752,90,90,90,100,70,95,95,95,95,95,100,100,100,100,100,100,100,100,"tomatoes,fried/broiled","עגבניות, מטוגנות/צלויות בגריל עליון"
3754,100,100,100,100,95,100,100,100,100,100,100,100,100,100,100,100,100,100,"tomatoes,reheated","עגבניות, מחוממות שנית"
3771,95,95,95,100,85,95,95,95,90,85,100,100,100,100,100,100,100,100,"veg,other,baked","ירקות, אחר, אפוים"
3774,90,90,90,100,70,90,90,95,85,80,95,95,95,90,90,95,95,95,"veg,other,bld,little water,drained","ירקות, אחר, מורתחים במעט מים, מסוננים"
3775,90,90,90,100,65,85,85,90,80,75,95,95,95,90,90,95,95,95,"veg,other,bld,water cover,drained","ירקות, אחר, מורתחים מכוסים מים, מסוננים"
3776,95,95,95,100,85,90,95,95,90,85,100,100,100,100,100,100,100,100,"veg,other,bld,water used","ירקות, אחר, מורתחים, שימוש במים"
3780,85,85,85,100,70,90,90,95,85,85,100,100,100,100,100,100,100,100,"veg,other,fried","ירקות, אחר, מטוגנים"
3784,95,95,95,100,85,90,95,95,90,85,100,100,100,100,100,100,100,100,"veg,other,steamed","ירקות, אחר, מאודים"
3785,90,90,90,100,80,95,95,95,90,85,100,100,100,100,100,100,100,100,"veg,other,stir fry","ירקות, אחר, מוקפצים"
3788,100,100,100,100,95,100,100,100,95,90,100,100,100,100,100,100,100,100,"veg,other,reheated","ירקות, אחר, מחוממים שנית"
3789,90,90,90,100,70,90,90,95,90,80,95,95,95,90,90,95,95,95,"veg,other,ckd from frzn(bld,draind)","ירקות, ירוקים, מורתחים מקפואים, מסוננים"
5001,100,100,100,100,100,100,100,100,100,100,100,100,100,100,100,100,100,100,"alc bev,no heat,stored overnight","משקה אלכוהולי, ללא חימום, מושהה ללילה"
5002,100,100,100,100,100,100,100,100,100,100,100,100,100,100,100,100,100,100,"alc bev,stirred into hot liq","משקה אלכוהולי, מעורבב לתוך נוזל חם"
5003,100,100,100,100,100,100,100,100,100,100,100,100,100,100,100,100,100,100,"alc bev,flamed","משקה אלכוהולי, משולהב"
5004,100,100,100,100,100,100,100,100,100,100,100,100,100,100,100,100,100,100,"alc bev,stirred,bkd/simmrd 15 min","משקה אלכוהולי, מעורבב, אפוי/מבושל 15 דקות"
5005,100,100,100,100,100,100,100,100,100,100,100,100,100,100,100,100,100,100,"alc bev,stirred,bkd/simmrd 30 min","משקה אלכוהולי, מעורבב, אפוי/מבושל 30 דקות"
5006,100,100,100,100,100,100,100,100,100,100,100,100,100,100,100,100,100,100,"alc bev,stirred,bkd/simmrd 1 hr","משקה אלכוהולי, מעורבב, אפוי/מבושל שעה"
5007,100,100,100,100,100,100,100,100,100,100,100,100,100,100,100,100,100,100,"alc bev,stirred,bkd/simmrd 1.5 hr","משקה אלכוהולי, מעורבב, אפוי/מבושל שעה וחצי"
5008,100,100,100,100,100,100,100,100,100,100,100,100,100,100,100,100,100,100,"alc bev,stirred,bkd/simmrd 2 hr","משקה אלכוהולי, מעורבב, אפוי/מבושל שעתיים"
5009,100,100,100,100,100,100,100,100,100,100,100,100,100,100,100,100,100,100,"alc bev,stirred,bkd/simmrd 2.5 hr","משקה אלכוהולי, מעורבב, אפוי/מבושל שעתיים וחצי"
5010,100,100,100,100,100,100,100,100,100,100,100,100,100,100,100,100,100,100,"alc bev,not stirred in,bkd 25 min","משקה אלכוהולי,לא מעורבב בפנים, אפוי 25 דקות"
